lead_id,project_id,created_at
1,1,2025-12-01T00:00:00Z
2,1,2025-12-01T00:00:00Z
3,1,2025-12-01T00:00:00Z
4,1,2025-12-01T00:00:00Z
5,1,2025-12-01T00:00:00Z
6,1,2025-12-01T00:00:00Z
7,1,2025-12-01T00:00:00Z
8,1,2025-12-01T00:00:00Z
9,1,2025-12-01T00:00:00Z
10,1,2025-12-01T00:00:00Z
11,1,2025-12-01T00:00:00Z
12,1,2025-12-01T00:00:00Z
14,1,2025-12-01T00:00:00Z
15,1,2025-12-01T00:00:00Z
16,1,2025-12-01T00:00:00Z
17,1,2025-12-01T00:00:00Z
18,1,2025-12-01T00:00:00Z
19,1,2025-12-01T00:00:00Z
20,1,2025-12-01T00:00:00Z
21,1,2025-12-01T00:00:00Z
22,1,2025-12-01T00:00:00Z
23,1,2025-12-01T00:00:00Z
24,1,2025-12-01T00:00:00Z
25,1,2025-12-01T00:00:00Z
26,1,2025-12-01T00:00:00Z
28,1,2025-12-01T00:00:00Z
29,1,2025-12-01T00:00:00Z
30,1,2025-12-01T00:00:00Z
31,1,2025-12-01T00:00:00Z
32,1,2025-12-01T00:00:00Z
33,1,2025-12-01T00:00:00Z
34,1,2025-12-01T00:00:00Z
35,1,2025-12-01T00:00:00Z
36,1,2025-12-01T00:00:00Z
38,1,2025-12-01T00:00:00Z
39,1,2025-12-01T00:00:00Z
40,1,2025-12-01T00:00:00Z
41,1,2025-12-01T00:00:00Z
42,1,2025-12-01T00:00:00Z
43,1,2025-12-01T00:00:00Z
44,1,2025-12-01T00:00:00Z
45,1,2025-12-01T00:00:00Z
46,1,2025-12-01T00:00:00Z
48,1,2025-12-01T00:00:00Z
49,1,2025-12-01T00:00:00Z
50,1,2025-12-01T00:00:00Z
51,1,2025-12-01T00:00:00Z
52,1,2025-12-01T00:00:00Z
53,1,2025-12-01T00:00:00Z
54,1,2025-12-01T00:00:00Z
55,1,2025-12-01T00:00:00Z
56,1,2025-12-01T00:00:00Z
57,1,2025-12-01T00:00:00Z
58,1,2025-12-01T00:00:00Z
59,1,2025-12-01T00:00:00Z
60,1,2025-12-01T00:00:00Z
61,1,2025-12-01T00:00:00Z
62,1,2025-12-01T00:00:00Z
27,1,2025-12-01T00:00:00Z
13,1,2025-12-01T00:00:00Z
63,1,2025-12-01T00:00:00Z
65,1,2025-12-01T00:00:00Z
66,1,2025-12-01T00:00:00Z
67,1,2025-12-01T00:00:00Z
68,1,2025-12-01T00:00:00Z
69,1,2025-12-01T00:00:00Z
71,1,2025-12-01T00:00:00Z
72,1,2025-12-01T00:00:00Z
73,1,2025-12-01T00:00:00Z
74,1,2025-12-01T00:00:00Z
75,1,2025-12-01T00:00:00Z
76,1,2025-12-01T00:00:00Z
77,1,2025-12-01T00:00:00Z
78,1,2025-12-01T00:00:00Z
79,1,2025-12-01T00:00:00Z
80,1,2025-12-01T00:00:00Z
81,1,2025-12-01T00:00:00Z
82,1,2025-12-01T00:00:00Z
83,1,2025-12-01T00:00:00Z
84,1,2025-12-01T00:00:00Z
85,1,2025-12-01T00:00:00Z
86,1,2025-12-01T00:00:00Z
87,1,2025-12-01T00:00:00Z
88,1,2025-12-01T00:00:00Z
89,1,2025-12-01T00:00:00Z
90,1,2025-12-01T00:00:00Z
91,1,2025-12-01T00:00:00Z
92,1,2025-12-01T00:00:00Z
93,1,2025-12-01T00:00:00Z
94,1,2025-12-01T00:00:00Z
95,1,2025-12-01T00:00:00Z
96,1,2025-12-01T00:00:00Z
97,1,2025-12-01T00:00:00Z
98,1,2025-12-01T00:00:00Z
99,1,2025-12-01T00:00:00Z
100,1,2025-12-01T00:00:00Z
101,1,2025-12-01T00:00:00Z
103,1,2025-12-01T00:00:00Z
104,1,2025-12-01T00:00:00Z
106,1,2025-12-01T00:00:00Z
107,1,2025-12-01T00:00:00Z
108,1,2025-12-01T00:00:00Z
109,1,2025-12-01T00:00:00Z
111,1,2025-12-01T00:00:00Z
113,1,2025-12-01T00:00:00Z
114,1,2025-12-01T00:00:00Z
115,1,2025-12-01T00:00:00Z
116,1,2025-12-01T00:00:00Z
120,1,2025-12-01T00:00:00Z
121,1,2025-12-01T00:00:00Z
122,1,2025-12-01T00:00:00Z
123,1,2025-12-01T00:00:00Z
124,1,2025-12-01T00:00:00Z
110,1,2025-12-01T00:00:00Z
112,1,2025-12-01T00:00:00Z
64,1,2025-12-01T00:00:00Z
118,1,2025-12-01T00:00:00Z
119,1,2025-12-01T00:00:00Z
102,1,2025-12-01T00:00:00Z
117,1,2025-12-01T00:00:00Z
105,1,2025-12-01T00:00:00Z
125,1,2025-12-01T00:00:00Z
126,1,2025-12-01T00:00:00Z
127,1,2025-12-01T00:00:00Z
130,1,2025-12-01T00:00:00Z
131,1,2025-12-01T00:00:00Z
132,1,2025-12-01T00:00:00Z
133,1,2025-12-01T00:00:00Z
134,1,2025-12-01T00:00:00Z
135,1,2025-12-01T00:00:00Z
136,1,2025-12-01T00:00:00Z
137,1,2025-12-01T00:00:00Z
138,1,2025-12-01T00:00:00Z
139,1,2025-12-01T00:00:00Z
140,1,2025-12-01T00:00:00Z
141,1,2025-12-01T00:00:00Z
143,1,2025-12-01T00:00:00Z
144,1,2025-12-01T00:00:00Z
145,1,2025-12-01T00:00:00Z
146,1,2025-12-01T00:00:00Z
147,1,2025-12-01T00:00:00Z
148,1,2025-12-01T00:00:00Z
149,1,2025-12-01T00:00:00Z
150,1,2025-12-01T00:00:00Z
151,1,2025-12-01T00:00:00Z
152,1,2025-12-01T00:00:00Z
153,1,2025-12-01T00:00:00Z
154,1,2025-12-01T00:00:00Z
155,1,2025-12-01T00:00:00Z
156,1,2025-12-01T00:00:00Z
157,1,2025-12-01T00:00:00Z
158,1,2025-12-01T00:00:00Z
159,1,2025-12-01T00:00:00Z
161,1,2025-12-01T00:00:00Z
162,1,2025-12-01T00:00:00Z
163,1,2025-12-01T00:00:00Z
164,1,2025-12-01T00:00:00Z
165,1,2025-12-01T00:00:00Z
166,1,2025-12-01T00:00:00Z
167,1,2025-12-01T00:00:00Z
168,1,2025-12-01T00:00:00Z
170,1,2025-12-01T00:00:00Z
171,1,2025-12-01T00:00:00Z
172,1,2025-12-01T00:00:00Z
173,1,2025-12-01T00:00:00Z
175,1,2025-12-01T00:00:00Z
176,1,2025-12-01T00:00:00Z
177,1,2025-12-01T00:00:00Z
178,1,2025-12-01T00:00:00Z
179,1,2025-12-01T00:00:00Z
180,1,2025-12-01T00:00:00Z
181,1,2025-12-01T00:00:00Z
182,1,2025-12-01T00:00:00Z
183,1,2025-12-01T00:00:00Z
184,1,2025-12-01T00:00:00Z
185,1,2025-12-01T00:00:00Z
186,1,2025-12-01T00:00:00Z
174,1,2025-12-01T00:00:00Z
129,1,2025-12-01T00:00:00Z
128,1,2025-12-01T00:00:00Z
160,1,2025-12-01T00:00:00Z
187,1,2025-12-01T00:00:00Z
188,1,2025-12-01T00:00:00Z
189,1,2025-12-01T00:00:00Z
191,1,2025-12-01T00:00:00Z
192,1,2025-12-01T00:00:00Z
193,1,2025-12-01T00:00:00Z
194,1,2025-12-01T00:00:00Z
195,1,2025-12-01T00:00:00Z
196,1,2025-12-01T00:00:00Z
169,1,2025-12-01T00:00:00Z
214,1,2025-12-01T00:00:00Z
37,1,2025-12-01T00:00:00Z
215,1,2025-12-01T00:00:00Z
216,1,2025-12-01T00:00:00Z
217,1,2025-12-01T00:00:00Z
47,1,2025-12-01T00:00:00Z
218,1,2025-12-01T00:00:00Z
219,1,2025-12-01T00:00:00Z
220,1,2025-12-01T00:00:00Z
221,1,2025-12-01T00:00:00Z
222,1,2025-12-01T00:00:00Z
197,1,2025-12-01T00:00:00Z
199,1,2025-12-01T00:00:00Z
200,1,2025-12-01T00:00:00Z
201,1,2025-12-01T00:00:00Z
223,1,2025-12-01T00:00:00Z
203,1,2025-12-01T00:00:00Z
202,1,2025-12-01T00:00:00Z
204,1,2025-12-01T00:00:00Z
205,1,2025-12-01T00:00:00Z
206,1,2025-12-01T00:00:00Z
207,1,2025-12-01T00:00:00Z
208,1,2025-12-01T00:00:00Z
209,1,2025-12-01T00:00:00Z
210,1,2025-12-01T00:00:00Z
211,1,2025-12-01T00:00:00Z
212,1,2025-12-01T00:00:00Z
213,1,2025-12-01T00:00:00Z
198,1,2025-12-01T00:00:00Z
70,1,2025-12-01T00:00:00Z
190,1,2025-12-01T00:00:00Z
225,1,2025-12-01T00:00:00Z
226,1,2025-12-01T00:00:00Z
227,1,2025-12-01T00:00:00Z
224,1,2025-12-01T00:00:00Z
229,1,2025-12-01T00:00:00Z
142,1,2025-12-01T00:00:00Z
228,1,2025-12-01T00:00:00Z
230,1,2025-12-01T00:00:00Z
231,1,2025-12-01T00:00:00Z
232,1,2025-12-01T00:00:00Z
233,1,2025-12-01T00:00:00Z
